density,leniency,index,performance
14,1,0,0.0
14,1,1,0.0
14,1,2,0.5714285714285714
26,2,0,0.0
26,2,1,0.0
26,2,2,0.5714285714285714
11,4,0,0.0
11,4,1,0.0
11,4,2,0.8214285714285714
20,8,0,0.0
20,8,1,0.0
20,8,2,0.6428571428571428
12,6,0,0.0
12,6,1,0.0
12,6,2,0.6785714285714286
10,1,0,0.0
10,1,1,0.0
10,1,2,0.5357142857142857
9,2,0,0.0
9,2,1,0.0
9,2,2,0.6785714285714286
7,0,0,0.0
7,0,1,0.0
7,0,2,0.7142857142857143
22,5,0,0.0
22,5,1,0.0
22,5,2,0.75
20,5,0,0.0
20,5,1,0.0
20,5,2,0.5
19,4,0,0.0
19,4,1,0.0
19,4,2,0.75
19,1,0,0.0
19,1,1,0.0
19,1,2,0.6428571428571428
9,5,0,0.0
9,5,1,0.0
9,5,2,0.4285714285714286
14,3,0,0.0
14,3,1,0.0
14,3,2,0.8214285714285714
27,4,0,0.0
27,4,1,0.0
27,4,2,0.7142857142857143
21,3,0,0.0
21,3,1,0.0
21,3,2,0.8214285714285714
20,2,0,0.0
20,2,1,0.0
20,2,2,0.8214285714285714
22,2,0,0.0
22,2,1,0.0
22,2,2,0.75
22,3,0,0.0
22,3,1,0.0
22,3,2,0.8214285714285714
32,1,0,0.0
32,1,1,0.0
32,1,2,0.5714285714285714
5,2,0,0.0
5,2,1,0.0
5,2,2,0.8214285714285714
35,3,0,0.0
35,3,1,0.0
35,3,2,0.7142857142857143
31,3,0,0.0
31,3,1,0.0
31,3,2,0.5714285714285714
9,4,0,0.0
9,4,1,0.0
9,4,2,0.7142857142857143
20,7,0,0.0
20,7,1,0.0
20,7,2,0.6785714285714286
19,0,0,0.0
19,0,1,0.0
19,0,2,0.8214285714285714
23,6,0,0.0
23,6,1,0.0
23,6,2,0.4642857142857143
17,8,0,0.0
17,8,1,0.0
17,8,2,0.8214285714285714
24,1,0,0.0
24,1,1,0.0
24,1,2,0.6785714285714286
16,1,0,0.0
16,1,1,0.0
16,1,2,0.7857142857142857
27,3,0,0.0
27,3,1,0.0
27,3,2,0.5357142857142857
18,2,0,0.0
18,2,1,0.0
18,2,2,0.6071428571428572
21,6,0,0.0
21,6,1,0.0
21,6,2,0.0
22,4,0,0.0
22,4,1,0.0
22,4,2,0.6428571428571428
13,1,0,0.0
13,1,1,0.0
13,1,2,0.1071428571428571
25,2,0,0.0
25,2,1,0.0
25,2,2,0.0
10,3,0,0.0
10,3,1,0.0
10,3,2,0.0
13,2,0,0.0
13,2,1,0.0
13,2,2,0.7142857142857143
15,6,0,0.0
15,6,1,0.0
15,6,2,0.6785714285714286
10,5,0,0.0
10,5,1,0.0
10,5,2,0.6785714285714286
21,2,0,0.0
21,2,1,0.0
21,2,2,0.8214285714285714
27,2,0,0.0
27,2,1,0.0
27,2,2,0.0
22,0,0,0.0
22,0,1,0.0
22,0,2,0.6428571428571428
19,7,0,0.0
19,7,1,0.0
19,7,2,0.8214285714285714
6,1,0,0.0
6,1,1,0.0
6,1,2,0.6071428571428572
12,2,0,0.0
12,2,1,0.0
12,2,2,0.8214285714285714
9,3,0,0.0
9,3,1,0.0
9,3,2,0.6785714285714286
11,6,0,0.0
11,6,1,0.0
11,6,2,0.8214285714285714
7,3,0,0.0
7,3,1,0.0
7,3,2,0.8214285714285714
20,3,0,0.0
20,3,1,0.0
20,3,2,0.4285714285714286
16,2,0,0.0
16,2,1,0.0
16,2,2,0.75
26,3,0,0.0
26,3,1,0.0
26,3,2,0.7142857142857143
15,3,0,0.0
15,3,1,0.0
15,3,2,0.5357142857142857
12,4,0,0.0
12,4,1,0.0
12,4,2,0.8214285714285714
14,2,0,0.0
14,2,1,0.0
14,2,2,0.5357142857142857
24,8,0,0.0
24,8,1,0.0
24,8,2,0.75
23,2,0,0.0
23,2,1,0.0
23,2,2,0.75
36,4,0,0.0
36,4,1,0.0
36,4,2,0.8214285714285714
28,6,0,0.0
28,6,1,0.0
28,6,2,0.7142857142857143
11,3,0,0.0
11,3,1,0.0
11,3,2,0.75
17,5,0,0.0
17,5,1,0.0
17,5,2,0.8214285714285714
8,2,0,0.0
8,2,1,0.0
8,2,2,0.8214285714285714
8,3,0,0.0
8,3,1,0.0
8,3,2,0.6785714285714286
31,2,0,0.0
31,2,1,0.0
31,2,2,0.7142857142857143
23,0,0,0.0
23,0,1,0.0
23,0,2,0.4285714285714286
34,6,0,0.0
34,6,1,0.0
34,6,2,0.8214285714285714
9,7,0,0.0
9,7,1,0.0
9,7,2,0.6071428571428572
37,4,0,0.0
37,4,1,0.0
37,4,2,0.7142857142857143
15,1,0,0.0
15,1,1,0.0
15,1,2,0.1428571428571429
26,4,0,0.0
26,4,1,0.0
26,4,2,0.6428571428571428
28,5,0,0.0
28,5,1,0.0
28,5,2,0.7857142857142857
20,1,0,0.0
20,1,1,0.0
20,1,2,0.5
12,1,0,0.0
12,1,1,0.0
12,1,2,0.3571428571428571
24,2,0,0.0
24,2,1,0.0
24,2,2,0.7857142857142857
19,9,0,0.0
19,9,1,0.0
19,9,2,0.75
16,4,0,0.0
16,4,1,0.0
16,4,2,0.8214285714285714
25,4,0,0.0
25,4,1,0.0
25,4,2,0.6785714285714286
13,6,0,0.0
13,6,1,0.0
13,6,2,0.4642857142857143
23,7,0,0.0
23,7,1,0.0
23,7,2,0.25
10,0,0,0.0
10,0,1,0.0
10,0,2,0.25
14,5,0,0.0
14,5,1,0.0
14,5,2,0.2857142857142857
11,1,0,0.0
11,1,1,0.0
11,1,2,0.8214285714285714
13,3,0,0.0
13,3,1,0.0
13,3,2,0.7142857142857143
26,5,0,0.0
26,5,1,0.0
26,5,2,0.8214285714285714
20,4,0,0.0
20,4,1,0.0
20,4,2,0.75
6,2,0,0.0
6,2,1,0.0
6,2,2,0.6785714285714286
13,0,0,0.0
13,0,1,0.0
13,0,2,0.8214285714285714
28,2,0,0.0
28,2,1,0.0
28,2,2,0.3571428571428571
18,4,0,0.0
18,4,1,0.0
18,4,2,0.8214285714285714
14,4,0,0.0
14,4,1,0.0
14,4,2,0.5714285714285714
27,7,0,0.0
27,7,1,0.0
27,7,2,0.8214285714285714
12,3,0,0.0
12,3,1,0.0
12,3,2,0.5357142857142857
33,2,0,0.0
33,2,1,0.0
33,2,2,0.75
16,5,0,0.0
16,5,1,0.0
16,5,2,0.5
20,9,0,0.0
20,9,1,0.0
20,9,2,0.0714285714285714
29,3,0,0.0
29,3,1,0.0
29,3,2,0.4642857142857143
31,7,0,0.0
31,7,1,0.0
31,7,2,0.7857142857142857
12,0,0,0.0
12,0,1,0.0
12,0,2,0.6785714285714286
11,8,0,0.0
11,8,1,0.0
11,8,2,0.8214285714285714
33,1,0,0.0
33,1,1,0.0
33,1,2,0.3571428571428571
26,7,0,0.0
26,7,1,0.0
26,7,2,0.6071428571428572
25,3,0,0.0
25,3,1,0.0
25,3,2,0.7857142857142857
28,1,0,0.0
28,1,1,0.0
28,1,2,0.6785714285714286
17,3,0,0.0
17,3,1,0.0
17,3,2,0.5357142857142857
30,6,0,0.0
30,6,1,0.0
30,6,2,0.7857142857142857
6,0,0,0.0
6,0,1,0.0
6,0,2,0.7142857142857143
11,2,0,0.0
11,2,1,0.0
11,2,2,0.6428571428571428
33,3,0,0.0
33,3,1,0.0
33,3,2,0.6785714285714286
9,6,0,0.0
9,6,1,0.0
9,6,2,0.8214285714285714
25,6,0,0.0
25,6,1,0.0
25,6,2,0.6071428571428572
40,0,0,0.0
40,0,1,0.0
40,0,2,0.8214285714285714
15,0,0,0.0
15,0,1,0.0
15,0,2,0.6428571428571428
25,1,0,0.0
25,1,1,0.0
25,1,2,0.8214285714285714
23,4,0,0.0
23,4,1,0.0
23,4,2,0.25
7,1,0,0.0
7,1,1,0.0
7,1,2,0.7142857142857143
6,4,0,0.0
6,4,1,0.0
6,4,2,0.8214285714285714
23,3,0,0.0
23,3,1,0.0
23,3,2,0.6785714285714286
26,8,0,0.0
26,8,1,0.0
26,8,2,0.6785714285714286
24,5,0,0.0
24,5,1,0.0
24,5,2,0.7142857142857143
19,2,0,0.0
19,2,1,0.0
19,2,2,0.7142857142857143
29,6,0,0.0
29,6,1,0.0
29,6,2,0.8214285714285714
32,6,0,0.0
32,6,1,0.0
32,6,2,0.7857142857142857
17,1,0,0.0
17,1,1,0.0
17,1,2,0.25
26,10,0,0.0
26,10,1,0.0
26,10,2,0.8214285714285714
24,3,0,0.0
24,3,1,0.0
24,3,2,0.75
7,2,0,0.0
7,2,1,0.0
7,2,2,0.8214285714285714
15,2,0,0.0
15,2,1,0.0
15,2,2,0.8214285714285714
9,0,0,0.0
9,0,1,0.0
9,0,2,0.4642857142857143
10,2,0,0.0
10,2,1,0.0
10,2,2,0.8214285714285714
27,1,0,0.0
27,1,1,0.0
27,1,2,0.8214285714285714
30,4,0,0.0
30,4,1,0.0
30,4,2,0.3571428571428571
33,6,0,0.0
33,6,1,0.0
33,6,2,0.8214285714285714
15,4,0,0.0
15,4,1,0.0
15,4,2,0.4285714285714286
27,0,0,0.0
27,0,1,0.0
27,0,2,0.5
16,3,0,0.0
16,3,1,0.0
16,3,2,0.6071428571428572
17,0,0,0.0
17,0,1,0.0
17,0,2,0.8214285714285714
21,4,0,0.0
21,4,1,0.0
21,4,2,0.8214285714285714
31,5,0,0.0
31,5,1,0.0
31,5,2,0.7142857142857143
24,4,0,0.0
24,4,1,0.0
24,4,2,0.5357142857142857
31,8,0,0.0
31,8,1,0.0
31,8,2,0.8214285714285714
23,1,0,0.0
23,1,1,0.0
23,1,2,0.8214285714285714
15,7,0,0.0
15,7,1,0.0
15,7,2,0.8214285714285714
21,0,0,0.0
21,0,1,0.0
21,0,2,0.8214285714285714
13,5,0,0.0
13,5,1,0.0
13,5,2,0.4642857142857143
28,3,0,0.0
28,3,1,0.0
28,3,2,0.6785714285714286
22,6,0,0.0
22,6,1,0.0
22,6,2,0.3214285714285714
13,4,0,0.0
13,4,1,0.0
13,4,2,0.6428571428571428
18,9,0,0.0
18,9,1,0.0
18,9,2,0.6071428571428572
16,0,0,0.0
16,0,1,0.0
16,0,2,0.8214285714285714
12,5,0,0.0
12,5,1,0.0
12,5,2,0.3214285714285714
21,5,0,0.0
21,5,1,0.0
21,5,2,0.8214285714285714
5,1,0,0.0
5,1,1,0.0
5,1,2,0.4642857142857143
5,3,0,0.0
5,3,1,0.0
5,3,2,0.7142857142857143
10,6,0,0.0
10,6,1,0.0
10,6,2,0.5714285714285714
17,6,0,0.0
17,6,1,0.0
17,6,2,0.8214285714285714
11,0,0,0.0
11,0,1,0.0
11,0,2,0.5357142857142857
22,1,0,0.0
22,1,1,0.0
22,1,2,0.8214285714285714
27,5,0,0.0
27,5,1,0.0
27,5,2,0.6071428571428572
5,5,0,0.0
5,5,1,0.0
5,5,2,0.6785714285714286
30,2,0,0.0
30,2,1,0.0
30,2,2,0.1785714285714286
18,1,0,0.0
18,1,1,0.0
18,1,2,0.6428571428571428
20,6,0,0.0
20,6,1,0.0
20,6,2,0.6071428571428572
20,12,0,0.0
20,12,1,0.0
20,12,2,0.8214285714285714
19,6,0,0.0
19,6,1,0.0
19,6,2,0.7857142857142857
11,5,0,0.0
11,5,1,0.0
11,5,2,0.5357142857142857
15,5,0,0.0
15,5,1,0.0
15,5,2,0.4285714285714286
14,0,0,0.0
14,0,1,0.0
14,0,2,0.6428571428571428
18,3,0,0.0
18,3,1,0.0
18,3,2,0.1071428571428571
40,11,0,0.0
40,11,1,0.0
40,11,2,0.7857142857142857
36,9,0,0.0
36,9,1,0.0
36,9,2,0.8214285714285714
17,4,0,0.0
17,4,1,0.0
17,4,2,0.5357142857142857
7,5,0,0.0
7,5,1,0.0
7,5,2,0.6071428571428572
18,5,0,0.0
18,5,1,0.0
18,5,2,0.6785714285714286
6,8,0,0.0
6,8,1,0.0
6,8,2,0.7142857142857143
34,4,0,0.0
34,4,1,0.0
34,4,2,0.7857142857142857
19,3,0,0.0
19,3,1,0.0
19,3,2,0.5714285714285714
30,0,0,0.0
30,0,1,0.0
30,0,2,0.8214285714285714
10,4,0,0.0
10,4,1,0.0
10,4,2,0.6785714285714286
40,6,0,0.0
40,6,1,0.0
40,6,2,0.8214285714285714
8,0,0,0.0
8,0,1,0.0
8,0,2,0.4642857142857143
16,6,0,0.0
16,6,1,0.0
16,6,2,0.6785714285714286
32,5,0,0.0
32,5,1,0.0
32,5,2,0.7857142857142857
18,0,0,0.0
18,0,1,0.0
18,0,2,0.8214285714285714
6,5,0,0.0
6,5,1,0.0
6,5,2,0.5714285714285714
29,0,0,0.0
29,0,1,0.0
29,0,2,0.4642857142857143
22,7,0,0.0
22,7,1,0.0
22,7,2,0.8214285714285714
26,1,0,0.0
26,1,1,0.0
26,1,2,0.8214285714285714
37,7,0,0.0
37,7,1,0.0
37,7,2,0.6428571428571428
28,0,0,0.0
28,0,1,0.0
28,0,2,0.6785714285714286
24,6,0,0.0
24,6,1,0.0
24,6,2,0.7142857142857143
21,7,0,0.0
21,7,1,0.0
21,7,2,0.7142857142857143
21,1,0,0.0
21,1,1,0.0
21,1,2,0.75
18,6,0,0.0
18,6,1,0.0
18,6,2,0.2857142857142857
23,5,0,0.0
23,5,1,0.0
23,5,2,0.6428571428571428
25,5,0,0.0
25,5,1,0.0
25,5,2,0.25
34,2,0,0.0
34,2,1,0.0
34,2,2,0.8214285714285714
26,6,0,0.0
26,6,1,0.0
26,6,2,0.7142857142857143
25,10,0,0.0
25,10,1,0.0
25,10,2,0.4285714285714286
29,4,0,0.0
29,4,1,0.0
29,4,2,0.4642857142857143
28,8,0,0.0
28,8,1,0.0
28,8,2,0.7142857142857143
32,2,0,0.0
32,2,1,0.0
32,2,2,0.1785714285714286
33,5,0,0.0
33,5,1,0.0
33,5,2,0.7142857142857143
25,0,0,0.0
25,0,1,0.0
25,0,2,0.5714285714285714
6,3,0,0.0
6,3,1,0.0
6,3,2,0.7142857142857143
30,3,0,0.0
30,3,1,0.0
30,3,2,0.6785714285714286
35,1,0,0.0
35,1,1,0.0
35,1,2,0.6428571428571428
30,9,0,0.0
30,9,1,0.0
30,9,2,0.6785714285714286
32,3,0,0.0
32,3,1,0.0
32,3,2,0.6428571428571428
19,12,0,0.0
19,12,1,0.0
19,12,2,0.8214285714285714
28,10,0,0.0
28,10,1,0.0
28,10,2,0.8214285714285714
8,6,0,0.0
8,6,1,0.0
8,6,2,0.6785714285714286
9,1,0,0.0
9,1,1,0.0
9,1,2,0.8214285714285714
5,6,0,0.0
5,6,1,0.0
5,6,2,0.6785714285714286
32,8,0,0.0
32,8,1,0.0
32,8,2,0.7857142857142857
31,4,0,0.0
31,4,1,0.0
31,4,2,0.25
14,6,0,0.0
14,6,1,0.0
14,6,2,0.25
16,8,0,0.0
16,8,1,0.0
16,8,2,0.5357142857142857
28,11,0,0.0
28,11,1,0.0
28,11,2,0.5
21,10,0,0.0
21,10,1,0.0
21,10,2,0.6428571428571428
17,2,0,0.0
17,2,1,0.0
17,2,2,0.8214285714285714
30,8,0,0.0
30,8,1,0.0
30,8,2,0.8214285714285714
31,6,0,0.0
31,6,1,0.0
31,6,2,0.75
37,6,0,0.0
37,6,1,0.0
37,6,2,0.6071428571428572
29,2,0,0.0
29,2,1,0.0
29,2,2,0.6071428571428572
13,7,0,0.0
13,7,1,0.0
13,7,2,0.5357142857142857
28,4,0,0.0
28,4,1,0.0
28,4,2,0.8214285714285714
3,5,0,0.0
3,5,1,0.0
3,5,2,0.7142857142857143
21,9,0,0.0
21,9,1,0.0
21,9,2,0.6785714285714286
29,9,0,0.0
29,9,1,0.0
29,9,2,0.75
7,6,0,0.0
7,6,1,0.0
7,6,2,0.6428571428571428
25,7,0,0.0
25,7,1,0.0
25,7,2,0.7142857142857143
14,7,0,0.0
14,7,1,0.0
14,7,2,0.4642857142857143
39,5,0,0.0
39,5,1,0.0
39,5,2,0.7857142857142857
19,8,0,0.0
19,8,1,0.0
19,8,2,0.8214285714285714
27,9,0,0.0
27,9,1,0.0
27,9,2,0.5
26,0,0,0.0
26,0,1,0.0
26,0,2,0.5357142857142857
24,7,0,0.0
24,7,1,0.0
24,7,2,0.75
29,8,0,0.0
29,8,1,0.0
29,8,2,0.7857142857142857
8,9,0,0.0
8,9,1,0.0
8,9,2,0.5357142857142857
8,1,0,0.0
8,1,1,0.0
8,1,2,0.8214285714285714
20,0,0,0.0
20,0,1,0.0
20,0,2,0.8214285714285714
28,9,0,0.0
28,9,1,0.0
28,9,2,0.8214285714285714
7,8,0,0.0
7,8,1,0.0
7,8,2,0.8214285714285714
25,9,0,0.0
25,9,1,0.0
25,9,2,0.8214285714285714
18,7,0,0.0
18,7,1,0.0
18,7,2,0.7142857142857143
38,8,0,0.0
38,8,1,0.0
38,8,2,0.2142857142857143
22,9,0,0.0
22,9,1,0.0
22,9,2,0.7142857142857143
12,9,0,0.0
12,9,1,0.0
12,9,2,0.8214285714285714
38,3,0,0.0
38,3,1,0.0
38,3,2,0.7857142857142857
37,5,0,0.0
37,5,1,0.0
37,5,2,0.8214285714285714
17,7,0,0.0
17,7,1,0.0
17,7,2,0.25
16,7,0,0.0
16,7,1,0.0
16,7,2,0.6785714285714286
13,8,0,0.0
13,8,1,0.0
13,8,2,0.5714285714285714
34,8,0,0.0
34,8,1,0.0
34,8,2,0.8214285714285714
11,7,0,0.0
11,7,1,0.0
11,7,2,0.6785714285714286
39,4,0,0.0
39,4,1,0.0
39,4,2,0.8214285714285714
18,10,0,0.0
18,10,1,0.0
18,10,2,0.5
24,9,0,0.0
24,9,1,0.0
24,9,2,0.25
25,8,0,0.0
25,8,1,0.0
25,8,2,0.4642857142857143
30,5,0,0.0
30,5,1,0.0
30,5,2,0.3928571428571429
38,5,0,0.0
38,5,1,0.0
38,5,2,0.75
23,9,0,0.0
23,9,1,0.0
23,9,2,0.6428571428571428
36,2,0,0.0
36,2,1,0.0
36,2,2,0.6071428571428572
22,8,0,0.0
22,8,1,0.0
22,8,2,0.6785714285714286
32,7,0,0.0
32,7,1,0.0
32,7,2,0.8214285714285714
35,2,0,0.0
35,2,1,0.0
35,2,2,0.8214285714285714
33,8,0,0.0
33,8,1,0.0
33,8,2,0.5
8,5,0,0.0
8,5,1,0.0
8,5,2,0.4285714285714286
27,8,0,0.0
27,8,1,0.0
27,8,2,0.2142857142857143
23,8,0,0.0
23,8,1,0.0
23,8,2,0.75
37,9,0,0.0
37,9,1,0.0
37,9,2,0.7857142857142857
5,4,0,0.0
5,4,1,0.0
5,4,2,0.6071428571428572
8,7,0,0.0
8,7,1,0.0
8,7,2,0.6428571428571428
23,13,0,0.0
23,13,1,0.0
23,13,2,0.8214285714285714
10,8,0,0.0
10,8,1,0.0
10,8,2,0.25
29,7,0,0.0
29,7,1,0.0
29,7,2,0.5
24,0,0,0.0
24,0,1,0.0
24,0,2,0.0
30,7,0,0.0
30,7,1,0.0
30,7,2,0.7142857142857143
19,5,0,0.0
19,5,1,0.0
19,5,2,0.8214285714285714
28,13,0,0.0
28,13,1,0.0
28,13,2,0.7857142857142857
29,11,0,0.0
29,11,1,0.0
29,11,2,0.75
33,11,0,0.0
33,11,1,0.0
33,11,2,0.7142857142857143
22,10,0,0.0
22,10,1,0.0
22,10,2,0.7142857142857143
37,0,0,0.0
37,0,1,0.0
37,0,2,0.6785714285714286
30,11,0,0.0
30,11,1,0.0
30,11,2,0.7142857142857143
34,1,0,0.0
34,1,1,0.0
34,1,2,0.7142857142857143
33,0,0,0.0
33,0,1,0.0
33,0,2,0.8214285714285714
29,1,0,0.0
29,1,1,0.0
29,1,2,0.7142857142857143
29,5,0,0.0
29,5,1,0.0
29,5,2,0.8214285714285714
33,10,0,0.0
33,10,1,0.0
33,10,2,0.7142857142857143
21,8,0,0.0
21,8,1,0.0
21,8,2,0.0
32,4,0,0.0
32,4,1,0.0
32,4,2,0.75
30,10,0,0.0
30,10,1,0.0
30,10,2,0.8214285714285714
32,0,0,0.0
32,0,1,0.0
32,0,2,0.5357142857142857
31,9,0,0.0
31,9,1,0.0
31,9,2,0.75
25,12,0,0.0
25,12,1,0.0
25,12,2,0.8214285714285714
38,9,0,0.0
38,9,1,0.0
38,9,2,0.7857142857142857
27,6,0,0.0
27,6,1,0.0
27,6,2,0.6785714285714286
36,6,0,0.0
36,6,1,0.0
36,6,2,0.7857142857142857
35,5,0,0.0
35,5,1,0.0
35,5,2,0.8214285714285714
40,5,0,0.0
40,5,1,0.0
40,5,2,0.75
36,3,0,0.0
36,3,1,0.0
36,3,2,0.7142857142857143
16,11,0,0.0
16,11,1,0.0
16,11,2,0.8214285714285714
39,6,0,0.0
39,6,1,0.0
39,6,2,0.7857142857142857
35,7,0,0.0
35,7,1,0.0
35,7,2,0.8214285714285714
34,10,0,0.0
34,10,1,0.0
34,10,2,0.8214285714285714
37,1,0,0.0
37,1,1,0.0
37,1,2,0.6071428571428572
27,11,0,0.0
27,11,1,0.0
27,11,2,0.8214285714285714
14,11,0,0.0
14,11,1,0.0
14,11,2,0.5714285714285714
9,8,0,0.0
9,8,1,0.0
9,8,2,0.5714285714285714
26,9,0,0.0
26,9,1,0.0
26,9,2,0.6428571428571428
35,4,0,0.0
35,4,1,0.0
35,4,2,0.6071428571428572
31,10,0,0.0
31,10,1,0.0
31,10,2,0.7857142857142857
37,3,0,0.0
37,3,1,0.0
37,3,2,0.8214285714285714
30,1,0,0.0
30,1,1,0.0
30,1,2,0.5714285714285714
29,10,0,0.0
29,10,1,0.0
29,10,2,0.6071428571428572
18,12,0,0.0
18,12,1,0.0
18,12,2,0.7142857142857143
13,11,0,0.0
13,11,1,0.0
13,11,2,0.8214285714285714
32,12,0,0.0
32,12,1,0.0
32,12,2,0.6428571428571428
33,4,0,0.0
33,4,1,0.0
33,4,2,0.8214285714285714
15,8,0,0.0
15,8,1,0.0
15,8,2,0.8214285714285714
33,7,0,0.0
33,7,1,0.0
33,7,2,0.7142857142857143
8,8,0,0.0
8,8,1,0.0
8,8,2,0.8214285714285714
24,11,0,0.0
24,11,1,0.0
24,11,2,0.5
40,10,0,0.0
40,10,1,0.0
40,10,2,0.7857142857142857
14,8,0,0.0
14,8,1,0.0
14,8,2,0.8214285714285714
13,10,0,0.0
13,10,1,0.0
13,10,2,0.8214285714285714
23,10,0,0.0
23,10,1,0.0
23,10,2,0.8571428571428572
23,12,0,0.0
23,12,1,0.0
23,12,2,0.5
32,10,0,0.0
32,10,1,0.0
32,10,2,0.8214285714285714
31,1,0,0.0
31,1,1,0.0
31,1,2,0.7142857142857143
36,10,0,0.0
36,10,1,0.0
36,10,2,0.7857142857142857
26,11,0,0.0
26,11,1,0.0
26,11,2,0.4642857142857143
36,7,0,0.0
36,7,1,0.0
36,7,2,0.6428571428571428
32,11,0,0.0
32,11,1,0.0
32,11,2,0.7142857142857143
21,14,0,0.0
21,14,1,0.0
21,14,2,0.7142857142857143
36,14,0,0.1428571428571429
36,14,1,0.3928571428571429
36,14,2,0.75
8,4,0,0.0
8,4,1,0.0
8,4,2,0.8214285714285714
21,11,0,0.0
21,11,1,0.0
21,11,2,0.8214285714285714
36,5,0,0.0
36,5,1,0.0
36,5,2,0.75
7,9,0,0.0
7,9,1,0.0
7,9,2,0.8214285714285714
12,7,0,0.0
12,7,1,0.0
12,7,2,0.2857142857142857
38,6,0,0.0
38,6,1,0.0
38,6,2,0.7857142857142857
18,8,0,0.0
18,8,1,0.0
18,8,2,0.7142857142857143
29,12,0,0.0
29,12,1,0.0
29,12,2,0.7142857142857143
37,8,0,0.0
37,8,1,0.0
37,8,2,0.7857142857142857
28,7,0,0.0
28,7,1,0.0
28,7,2,0.7857142857142857
30,12,0,0.0
30,12,1,0.0
30,12,2,0.8214285714285714
26,12,0,0.0
26,12,1,0.0
26,12,2,0.8214285714285714
16,10,0,0.0
16,10,1,0.0
16,10,2,0.5
27,12,0,0.0
27,12,1,0.0
27,12,2,0.75
22,12,0,0.0
22,12,1,0.0
22,12,2,0.7142857142857143
25,14,0,0.0
25,14,1,0.0
25,14,2,0.7142857142857143
18,11,0,0.0
18,11,1,0.0
18,11,2,0.5357142857142857
12,8,0,0.0
12,8,1,0.0
12,8,2,0.8214285714285714
16,15,0,0.0
16,15,1,0.0
16,15,2,0.8214285714285714
35,0,0,0.0
35,0,1,0.0
35,0,2,0.0357142857142857
27,10,0,0.0
27,10,1,0.0
27,10,2,0.5714285714285714
35,6,0,0.0
35,6,1,0.0
35,6,2,0.75
7,7,0,0.0
7,7,1,0.0
7,7,2,0.6785714285714286
25,15,0,0.0
25,15,1,0.0
25,15,2,0.8214285714285714
7,4,0,0.0
7,4,1,0.0
7,4,2,0.8214285714285714
34,5,0,0.0
34,5,1,0.0
34,5,2,0.7142857142857143
20,10,0,0.0
20,10,1,0.0
20,10,2,0.6071428571428572
36,8,0,0.0
36,8,1,0.0
36,8,2,0.7857142857142857
35,8,0,0.0
35,8,1,0.0
35,8,2,0.7857142857142857
33,9,0,0.0
33,9,1,0.0
33,9,2,0.6785714285714286
11,9,0,0.0
11,9,1,0.0
11,9,2,0.8214285714285714
38,4,0,0.0
38,4,1,0.0
38,4,2,0.75
24,13,0,0.0
24,13,1,0.0
24,13,2,0.8214285714285714
40,7,0,0.0
40,7,1,0.0
40,7,2,0.75
23,15,0,0.0
23,15,1,0.0
23,15,2,0.8214285714285714
34,7,0,0.0
34,7,1,0.0
34,7,2,0.6428571428571428
17,10,0,0.0
17,10,1,0.0
17,10,2,0.8571428571428572
17,11,0,0.0
17,11,1,0.0
17,11,2,0.8214285714285714
16,9,0,0.0
16,9,1,0.0
16,9,2,0.8214285714285714
15,9,0,0.0
15,9,1,0.0
15,9,2,0.6785714285714286
37,12,0,0.0
37,12,1,0.0
37,12,2,0.8214285714285714
40,1,0,0.0
40,1,1,0.0
40,1,2,0.6071428571428572
19,10,0,0.0
19,10,1,0.0
19,10,2,0.8571428571428572
37,2,0,0.0
37,2,1,0.0
37,2,2,0.8214285714285714
13,9,0,0.0
13,9,1,0.0
13,9,2,0.5714285714285714
38,7,0,0.0
38,7,1,0.0
38,7,2,0.5
9,9,0,0.0
9,9,1,0.0
9,9,2,0.7142857142857143
40,8,0,0.0
40,8,1,0.0
40,8,2,0.75
26,15,0,0.0
26,15,1,0.0
26,15,2,0.7142857142857143
29,13,0,0.0
29,13,1,0.0
29,13,2,0.6428571428571428
34,3,0,0.0
34,3,1,0.0
34,3,2,0.8214285714285714
31,11,0,0.0
31,11,1,0.0
31,11,2,0.8214285714285714
32,9,0,0.0
32,9,1,0.0
32,9,2,0.7142857142857143
28,14,0,0.0
28,14,1,0.0
28,14,2,0.6428571428571428
29,14,0,0.0
29,14,1,0.0
29,14,2,0.75
22,13,0,0.0
22,13,1,0.0
22,13,2,0.6428571428571428
24,10,0,0.0
24,10,1,0.0
24,10,2,0.3571428571428571
11,10,0,0.0
11,10,1,0.0
11,10,2,0.5
14,10,0,0.0
14,10,1,0.0
14,10,2,0.4285714285714286
34,13,0,0.0
34,13,1,0.0
34,13,2,0.8214285714285714
31,12,0,0.0
31,12,1,0.0
31,12,2,0.6785714285714286
17,9,0,0.0
17,9,1,0.0
17,9,2,0.3571428571428571
13,14,0,0.0
13,14,1,0.0
13,14,2,0.8214285714285714
14,9,0,0.0
14,9,1,0.0
14,9,2,0.6428571428571428
40,9,0,0.0
40,9,1,0.0
40,9,2,0.7857142857142857
40,12,0,0.0357142857142857
40,12,1,0.0357142857142857
40,12,2,0.7142857142857143
25,11,0,0.0
25,11,1,0.0
25,11,2,0.5
39,2,0,0.0
39,2,1,0.0
39,2,2,0.75
19,13,0,0.0
19,13,1,0.0
19,13,2,0.7142857142857143
20,11,0,0.0
20,11,1,0.0
20,11,2,0.8214285714285714
35,14,0,0.0714285714285714
35,14,1,0.1428571428571429
35,14,2,0.7142857142857143
16,14,0,0.0
16,14,1,0.0
16,14,2,0.75
34,9,0,0.0
34,9,1,0.0
34,9,2,0.6428571428571428
39,7,0,0.0
39,7,1,0.0
39,7,2,0.7857142857142857
10,10,0,0.0
10,10,1,0.0
10,10,2,0.8214285714285714
36,1,0,0.0
36,1,1,0.0
36,1,2,0.8214285714285714
30,14,0,0.0
30,14,1,0.0
30,14,2,0.6785714285714286
26,13,0,0.0
26,13,1,0.0
26,13,2,0.8571428571428572
39,3,0,0.0
39,3,1,0.0
39,3,2,0.8214285714285714
12,10,0,0.0
12,10,1,0.0
12,10,2,0.7142857142857143
23,11,0,0.0
23,11,1,0.0
23,11,2,0.8214285714285714
35,9,0,0.0
35,9,1,0.0
35,9,2,0.4642857142857143
17,15,0,0.0
17,15,1,0.0
17,15,2,0.8214285714285714
14,13,0,0.0
14,13,1,0.0
14,13,2,0.5357142857142857
38,10,0,0.0
38,10,1,0.0
38,10,2,0.6785714285714286
37,11,0,0.0
37,11,1,0.0
37,11,2,0.8928571428571429
38,11,0,0.0
38,11,1,0.0
38,11,2,0.7142857142857143
40,4,0,0.0
40,4,1,0.0
40,4,2,0.7857142857142857
39,10,0,0.0357142857142857
39,10,1,0.0357142857142857
39,10,2,0.7142857142857143
35,10,0,0.0
35,10,1,0.0
35,10,2,0.75
39,9,0,0.0
39,9,1,0.0
39,9,2,0.75
23,14,0,0.0
23,14,1,0.0
23,14,2,0.8214285714285714
28,12,0,0.0
28,12,1,0.0
28,12,2,0.75
35,12,0,0.0
35,12,1,0.0
35,12,2,0.7142857142857143
25,18,0,0.0
25,18,1,0.3571428571428571
25,18,2,0.7857142857142857
18,19,0,0.0357142857142857
18,19,1,0.0714285714285714
18,19,2,0.8214285714285714
31,0,0,0.0
31,0,1,0.0
31,0,2,0.4285714285714286
17,12,0,0.0
17,12,1,0.0
17,12,2,0.6428571428571428
39,8,0,0.0
39,8,1,0.0
39,8,2,0.7857142857142857
4,4,0,0.0
4,4,1,0.0
4,4,2,0.8214285714285714
22,11,0,0.0
22,11,1,0.0
22,11,2,0.75
10,7,0,0.0
10,7,1,0.0
10,7,2,0.6071428571428572
39,12,0,0.0
39,12,1,0.0
39,12,2,0.7857142857142857
10,11,0,0.0
10,11,1,0.0
10,11,2,0.6428571428571428
23,19,0,0.1785714285714286
23,19,1,0.1785714285714286
23,19,2,0.8214285714285714
24,14,0,0.0
24,14,1,0.0
24,14,2,0.8214285714285714
16,12,0,0.0
16,12,1,0.0
16,12,2,0.8214285714285714
27,18,0,0.4285714285714286
27,18,1,0.4642857142857143
27,18,2,0.8214285714285714
26,14,0,0.0
26,14,1,0.0
26,14,2,0.8571428571428572
19,22,0,0.6428571428571428
19,22,1,0.6428571428571428
19,22,2,0.8214285714285714
36,12,0,0.0
36,12,1,0.0
36,12,2,0.6428571428571428
24,15,0,0.0
24,15,1,0.0
24,15,2,0.5714285714285714
4,7,0,0.0
4,7,1,0.0
4,7,2,0.6428571428571428
39,11,0,0.0
39,11,1,0.0
39,11,2,0.4642857142857143
24,12,0,0.0
24,12,1,0.0
24,12,2,0.3928571428571429
6,6,0,0.0
6,6,1,0.0
6,6,2,0.4285714285714286
22,18,0,0.1071428571428571
22,18,1,0.1071428571428571
22,18,2,0.8214285714285714
19,11,0,0.0
19,11,1,0.0
19,11,2,0.75
34,0,0,0.0
34,0,1,0.0
34,0,2,0.6428571428571428
4,2,0,0.0
4,2,1,0.0
4,2,2,0.8214285714285714
33,12,0,0.0
33,12,1,0.0
33,12,2,0.7142857142857143
1,9,0,0.0
1,9,1,0.0
1,9,2,0.6785714285714286
12,13,0,0.0
12,13,1,0.0
12,13,2,0.7142857142857143
31,14,0,0.0
31,14,1,0.0
31,14,2,0.8214285714285714
25,13,0,0.0
25,13,1,0.0
25,13,2,0.4285714285714286
24,18,0,0.1785714285714286
24,18,1,0.1785714285714286
24,18,2,0.8214285714285714
34,11,0,0.0
34,11,1,0.0
34,11,2,0.6071428571428572
11,14,0,0.0
11,14,1,0.0
11,14,2,0.8214285714285714
15,11,0,0.0
15,11,1,0.0
15,11,2,0.8214285714285714
23,17,0,0.0
23,17,1,0.0
23,17,2,0.7857142857142857
21,12,0,0.0
21,12,1,0.0
21,12,2,0.7142857142857143
19,15,0,0.0
19,15,1,0.0
19,15,2,0.5
17,14,0,0.0
17,14,1,0.0
17,14,2,0.7142857142857143
12,11,0,0.0
12,11,1,0.0
12,11,2,0.8571428571428572
5,9,0,0.0
5,9,1,0.0
5,9,2,0.8214285714285714
22,14,0,0.0
22,14,1,0.0
22,14,2,0.6428571428571428
12,12,0,0.0
12,12,1,0.0
12,12,2,0.8214285714285714
36,0,0,0.0
36,0,1,0.0
36,0,2,0.4285714285714286
16,13,0,0.0
16,13,1,0.0
16,13,2,0.7142857142857143
13,15,0,0.0
13,15,1,0.0
13,15,2,0.8214285714285714
14,12,0,0.0
14,12,1,0.0
14,12,2,0.8214285714285714
15,15,0,0.0
15,15,1,0.0
15,15,2,0.8214285714285714
11,12,0,0.0
11,12,1,0.0
11,12,2,0.8571428571428572
10,12,0,0.0
10,12,1,0.0
10,12,2,0.8214285714285714
38,12,0,0.0
38,12,1,0.3214285714285714
38,12,2,0.7142857142857143
28,17,0,0.1785714285714286
28,17,1,0.1785714285714286
28,17,2,0.8214285714285714
15,10,0,0.0
15,10,1,0.0
15,10,2,0.7142857142857143
6,12,0,0.0
6,12,1,0.0
6,12,2,0.8214285714285714
21,17,0,0.0
21,17,1,0.0
21,17,2,0.6071428571428572
15,14,0,0.0
15,14,1,0.0
15,14,2,0.8214285714285714
21,13,0,0.0
21,13,1,0.0
21,13,2,0.7142857142857143
8,10,0,0.0
8,10,1,0.0
8,10,2,0.8214285714285714
40,2,0,0.0
40,2,1,0.0
40,2,2,0.8214285714285714
13,12,0,0.0
13,12,1,0.0
13,12,2,0.5
14,14,0,0.0
14,14,1,0.0
14,14,2,0.8571428571428572
29,17,0,0.1785714285714286
29,17,1,0.1785714285714286
29,17,2,0.6071428571428572
17,23,0,0.7142857142857143
17,23,1,0.7142857142857143
17,23,2,0.8571428571428572
9,10,0,0.0
9,10,1,0.0
9,10,2,0.8214285714285714
8,12,0,0.0
8,12,1,0.0
8,12,2,0.7142857142857143
15,17,0,0.0
15,17,1,0.0
15,17,2,0.8214285714285714
35,13,0,0.0
35,13,1,0.0
35,13,2,0.8214285714285714
20,13,0,0.0
20,13,1,0.0
20,13,2,0.6785714285714286
27,14,0,0.0
27,14,1,0.0
27,14,2,0.6428571428571428
18,14,0,0.0
18,14,1,0.0
18,14,2,0.8214285714285714
2,7,0,0.0
2,7,1,0.0
2,7,2,0.7142857142857143
14,18,0,0.0
14,18,1,0.0
14,18,2,0.7142857142857143
34,12,0,0.0
34,12,1,0.0
34,12,2,0.7142857142857143
6,10,0,0.0
6,10,1,0.0
6,10,2,0.5714285714285714
40,3,0,0.0
40,3,1,0.0
40,3,2,0.8214285714285714
20,14,0,0.0
20,14,1,0.0
20,14,2,0.8214285714285714
16,18,0,0.0
16,18,1,0.0
16,18,2,0.8214285714285714
27,13,0,0.0
27,13,1,0.0
27,13,2,0.3928571428571429
38,2,0,0.0
38,2,1,0.0
38,2,2,0.7142857142857143
23,18,0,0.1071428571428571
23,18,1,0.1785714285714286
23,18,2,0.8214285714285714
3,4,0,0.0
3,4,1,0.0
3,4,2,0.6785714285714286
17,13,0,0.0
17,13,1,0.0
17,13,2,0.8214285714285714
18,13,0,0.0
18,13,1,0.0
18,13,2,0.6785714285714286
20,15,0,0.0
20,15,1,0.0
20,15,2,0.75
22,19,0,0.3571428571428571
22,19,1,0.3571428571428571
22,19,2,0.8214285714285714
19,18,0,0.0
19,18,1,0.0
19,18,2,0.8214285714285714
19,21,0,0.4285714285714286
19,21,1,0.4285714285714286
19,21,2,0.8214285714285714
11,11,0,0.0
11,11,1,0.0
11,11,2,0.8214285714285714
39,1,0,0.0
39,1,1,0.0
39,1,2,0.4642857142857143
6,11,0,0.0
6,11,1,0.0
6,11,2,0.8214285714285714
22,15,0,0.0
22,15,1,0.0
22,15,2,0.6071428571428572
12,15,0,0.0
12,15,1,0.0
12,15,2,0.8214285714285714
36,13,0,0.0
36,13,1,0.0
36,13,2,0.8214285714285714
18,15,0,0.0
18,15,1,0.0
18,15,2,0.5357142857142857
32,15,0,0.1785714285714286
32,15,1,0.1785714285714286
32,15,2,0.8214285714285714
30,13,0,0.0
30,13,1,0.0
30,13,2,0.4642857142857143
30,15,0,0.2142857142857143
30,15,1,0.2142857142857143
30,15,2,0.8214285714285714
13,19,0,0.2857142857142857
13,19,1,0.2857142857142857
13,19,2,0.8214285714285714
29,15,0,0.0
29,15,1,0.0
29,15,2,0.7857142857142857
35,11,0,0.0
35,11,1,0.0
35,11,2,0.7142857142857143
13,13,0,0.0
13,13,1,0.0
13,13,2,0.8214285714285714
19,14,0,0.0
19,14,1,0.0
19,14,2,0.8214285714285714
9,13,0,0.0
9,13,1,0.0
9,13,2,0.7142857142857143
15,12,0,0.0
15,12,1,0.0
15,12,2,0.7142857142857143
7,13,0,0.0
7,13,1,0.0
7,13,2,0.7142857142857143
31,17,0,0.2142857142857143
31,17,1,0.4642857142857143
31,17,2,0.8214285714285714
27,15,0,0.0
27,15,1,0.0
27,15,2,0.7142857142857143
4,3,0,0.0
4,3,1,0.0
4,3,2,0.7142857142857143
13,18,0,0.0
13,18,1,0.0
13,18,2,0.7142857142857143
19,20,0,0.4642857142857143
19,20,1,0.4642857142857143
19,20,2,0.7142857142857143
11,17,0,0.0
11,17,1,0.0
11,17,2,0.8214285714285714
15,18,0,0.0
15,18,1,0.0
15,18,2,0.8214285714285714
25,17,0,0.0
25,17,1,0.0
25,17,2,0.3928571428571429
37,10,0,0.0
37,10,1,0.0
37,10,2,0.75
14,19,0,0.25
14,19,1,0.2857142857142857
14,19,2,0.7142857142857143
26,18,0,0.3571428571428571
26,18,1,0.3571428571428571
26,18,2,0.8214285714285714
9,11,0,0.0
9,11,1,0.0
9,11,2,0.6071428571428572
15,13,0,0.0
15,13,1,0.0
15,13,2,0.8214285714285714
26,19,0,0.4642857142857143
26,19,1,0.5357142857142857
26,19,2,0.8214285714285714
27,17,0,0.1428571428571429
27,17,1,0.1428571428571429
27,17,2,0.8214285714285714
3,7,0,0.0
3,7,1,0.0
3,7,2,0.6428571428571428
11,13,0,0.0
11,13,1,0.0
11,13,2,0.6428571428571428
5,10,0,0.0
5,10,1,0.0
5,10,2,0.7142857142857143
6,9,0,0.0
6,9,1,0.0
6,9,2,0.6071428571428572
4,5,0,0.0
4,5,1,0.0
4,5,2,0.4642857142857143
14,15,0,0.0
14,15,1,0.0
14,15,2,0.8214285714285714
24,17,0,0.0
24,17,1,0.0
24,17,2,0.5714285714285714
36,11,0,0.0
36,11,1,0.0
36,11,2,0.4285714285714286
33,13,0,0.0
33,13,1,0.0
33,13,2,0.5714285714285714
5,11,0,0.0
5,11,1,0.0
5,11,2,0.8214285714285714
18,17,0,0.0
18,17,1,0.0
18,17,2,0.8571428571428572
38,13,0,0.1428571428571429
38,13,1,0.1428571428571429
38,13,2,0.5
26,17,0,0.0
26,17,1,0.0
26,17,2,0.7857142857142857
22,17,0,0.0
22,17,1,0.0
22,17,2,0.8214285714285714
38,1,0,0.0
38,1,1,0.0
38,1,2,0.6071428571428572
3,6,0,0.0
3,6,1,0.0
3,6,2,0.6428571428571428
12,17,0,0.0
12,17,1,0.0
12,17,2,0.75
12,14,0,0.0
12,14,1,0.0
12,14,2,0.6785714285714286
3,9,0,0.0
3,9,1,0.0
3,9,2,0.6428571428571428
2,2,0,0.0
2,2,1,0.0
2,2,2,0.7142857142857143
31,13,0,0.0
31,13,1,0.0
31,13,2,0.8214285714285714
3,11,0,0.0
3,11,1,0.0
3,11,2,0.6428571428571428
17,17,0,0.0
17,17,1,0.0
17,17,2,0.7142857142857143
20,18,0,0.0
20,18,1,0.0
20,18,2,0.8214285714285714
14,20,0,0.3928571428571429
14,20,1,0.3928571428571429
14,20,2,0.7142857142857143
3,8,0,0.0
3,8,1,0.0
3,8,2,0.8214285714285714
10,9,0,0.0
10,9,1,0.0
10,9,2,0.5357142857142857
2,10,0,0.0
2,10,1,0.0
2,10,2,0.8214285714285714
28,15,0,0.0714285714285714
28,15,1,0.0714285714285714
28,15,2,0.5714285714285714
19,19,0,0.1071428571428571
19,19,1,0.1071428571428571
19,19,2,0.8571428571428572
21,18,0,0.0
21,18,1,0.0
21,18,2,0.8214285714285714
32,14,0,0.0
32,14,1,0.0
32,14,2,0.6071428571428572
5,7,0,0.0
5,7,1,0.0
5,7,2,0.6428571428571428
32,13,0,0.0
32,13,1,0.0
32,13,2,0.75
13,17,0,0.0
13,17,1,0.0
13,17,2,0.6428571428571428
24,19,0,0.5
24,19,1,0.5
24,19,2,0.8214285714285714
14,17,0,0.0
14,17,1,0.0
14,17,2,0.8214285714285714
20,19,0,0.1071428571428571
20,19,1,0.1071428571428571
20,19,2,0.8214285714285714
7,10,0,0.0
7,10,1,0.0
7,10,2,0.8214285714285714
19,17,0,0.0
19,17,1,0.0
19,17,2,0.8214285714285714
37,14,0,0.3571428571428571
37,14,1,0.3571428571428571
37,14,2,0.8214285714285714
34,15,0,0.3928571428571429
34,15,1,0.3928571428571429
34,15,2,0.8214285714285714
4,6,0,0.0
4,6,1,0.0
4,6,2,0.75
21,19,0,0.3571428571428571
21,19,1,0.3571428571428571
21,19,2,0.75
3,10,0,0.0
3,10,1,0.0
3,10,2,0.75
9,12,0,0.0
9,12,1,0.0
9,12,2,0.8214285714285714
2,5,0,0.0
2,5,1,0.0
2,5,2,0.8214285714285714
6,7,0,0.0
6,7,1,0.0
6,7,2,0.6785714285714286
30,17,0,0.1785714285714286
30,17,1,0.1785714285714286
30,17,2,0.5
40,13,0,0.4285714285714286
40,13,1,0.4285714285714286
40,13,2,0.5714285714285714
7,17,0,0.0
7,17,1,0.0
7,17,2,0.8214285714285714
39,0,0,0.0
39,0,1,0.0
39,0,2,0.8928571428571429
4,10,0,0.0
4,10,1,0.0
4,10,2,0.8214285714285714
21,15,0,0.0
21,15,1,0.0
21,15,2,0.8214285714285714
20,17,0,0.0
20,17,1,0.0
20,17,2,0.8214285714285714
10,14,0,0.0
10,14,1,0.0
10,14,2,0.7142857142857143
31,15,0,0.1785714285714286
31,15,1,0.2142857142857143
31,15,2,0.6071428571428572
5,8,0,0.0
5,8,1,0.0
5,8,2,0.8214285714285714
16,17,0,0.0
16,17,1,0.0
16,17,2,0.5714285714285714
12,18,0,0.0
12,18,1,0.0
12,18,2,0.8214285714285714
22,20,0,0.1785714285714286
22,20,1,0.1785714285714286
22,20,2,0.8214285714285714
9,14,0,0.0
9,14,1,0.0
9,14,2,0.8214285714285714
10,13,0,0.0
10,13,1,0.0
10,13,2,0.8214285714285714
5,12,0,0.0
5,12,1,0.0
5,12,2,0.5714285714285714
23,20,0,0.6428571428571428
23,20,1,0.6428571428571428
23,20,2,0.6428571428571428
16,20,0,0.3571428571428571
16,20,1,0.3571428571428571
16,20,2,0.8214285714285714
4,9,0,0.0
4,9,1,0.0
4,9,2,0.6428571428571428
2,12,0,0.0
2,12,1,0.0
2,12,2,0.6428571428571428
8,13,0,0.0
8,13,1,0.0
8,13,2,0.7142857142857143
38,0,0,0.0
38,0,1,0.0
38,0,2,0.5714285714285714
17,19,0,0.0357142857142857
17,19,1,0.0357142857142857
17,19,2,0.8214285714285714
11,15,0,0.0
11,15,1,0.0
11,15,2,0.8214285714285714
17,20,0,0.3928571428571429
17,20,1,0.3928571428571429
17,20,2,0.7857142857142857
2,4,0,0.0
2,4,1,0.0
2,4,2,0.7142857142857143
20,21,0,0.4285714285714286
20,21,1,0.4285714285714286
20,21,2,0.8214285714285714
8,14,0,0.0
8,14,1,0.0
8,14,2,0.8214285714285714
6,14,0,0.0
6,14,1,0.0
6,14,2,0.8214285714285714
15,19,0,0.2857142857142857
15,19,1,0.2857142857142857
15,19,2,0.8214285714285714
5,0,0,0.0
5,0,1,0.0
5,0,2,0.3928571428571429
7,14,0,0.0
7,14,1,0.0
7,14,2,0.8214285714285714
5,14,0,0.0
5,14,1,0.0
5,14,2,0.7142857142857143
2,8,0,0.0
2,8,1,0.0
2,8,2,0.4285714285714286
4,8,0,0.0
4,8,1,0.0
4,8,2,0.8214285714285714
16,21,0,0.5
16,21,1,0.5
16,21,2,0.8214285714285714
17,18,0,0.0
17,18,1,0.0
17,18,2,0.7142857142857143
18,18,0,0.0
18,18,1,0.0
18,18,2,0.75
2,9,0,0.0
2,9,1,0.0
2,9,2,0.8214285714285714
16,19,0,0.0357142857142857
16,19,1,0.0357142857142857
16,19,2,0.7142857142857143
34,14,0,0.0357142857142857
34,14,1,0.0357142857142857
34,14,2,0.8214285714285714
1,10,0,0.0
1,10,1,0.0
1,10,2,0.8214285714285714
4,13,0,0.0
4,13,1,0.0
4,13,2,0.7142857142857143
10,18,0,0.0
10,18,1,0.0
10,18,2,0.8214285714285714
33,15,0,0.2142857142857143
33,15,1,0.2142857142857143
33,15,2,0.8214285714285714
1,12,0,0.0
1,12,1,0.0
1,12,2,0.8214285714285714
20,20,0,0.1428571428571429
20,20,1,0.1428571428571429
20,20,2,0.8214285714285714
18,20,0,0.1428571428571429
18,20,1,0.3928571428571429
18,20,2,0.8571428571428572
8,11,0,0.0
8,11,1,0.0
8,11,2,0.5714285714285714
6,15,0,0.0
6,15,1,0.0
6,15,2,0.7142857142857143
24,20,0,0.5
24,20,1,0.5
24,20,2,0.75
39,13,0,0.1428571428571429
39,13,1,0.1428571428571429
39,13,2,0.7142857142857143
8,15,0,0.0
8,15,1,0.0
8,15,2,0.8571428571428572
3,14,0,0.0
3,14,1,0.0
3,14,2,0.6428571428571428
15,21,0,0.5357142857142857
15,21,1,0.5357142857142857
15,21,2,0.8571428571428572
4,11,0,0.0
4,11,1,0.0
4,11,2,0.5714285714285714
3,12,0,0.0
3,12,1,0.0
3,12,2,0.7142857142857143
10,15,0,0.0
10,15,1,0.0
10,15,2,0.8214285714285714
7,12,0,0.0
7,12,1,0.0
7,12,2,0.8214285714285714
25,19,0,0.2142857142857143
25,19,1,0.4642857142857143
25,19,2,0.7857142857142857
11,19,0,0.2857142857142857
11,19,1,0.2857142857142857
11,19,2,0.7142857142857143
32,17,0,0.4642857142857143
32,17,1,0.4642857142857143
32,17,2,0.8214285714285714
2,6,0,0.0
2,6,1,0.0
2,6,2,0.8214285714285714
21,20,0,0.3571428571428571
21,20,1,0.4642857142857143
21,20,2,0.8214285714285714
7,11,0,0.0
7,11,1,0.0
7,11,2,0.3571428571428571
9,15,0,0.0
9,15,1,0.0
9,15,2,0.7142857142857143
4,14,0,0.0
4,14,1,0.0
4,14,2,0.7142857142857143
36,15,0,0.3571428571428571
36,15,1,0.3571428571428571
36,15,2,0.8214285714285714
2,11,0,0.0
2,11,1,0.0
2,11,2,0.8214285714285714
18,22,0,0.4642857142857143
18,22,1,0.4642857142857143
18,22,2,0.8214285714285714
19,24,0,0.7142857142857143
19,24,1,0.8214285714285714
19,24,2,0.8214285714285714
22,21,0,0.5
22,21,1,0.5
22,21,2,0.7142857142857143
4,12,0,0.0
4,12,1,0.0
4,12,2,0.6428571428571428
2,17,0,0.0
2,17,1,0.2857142857142857
2,17,2,0.7142857142857143
14,21,0,0.5
14,21,1,0.5
14,21,2,0.8214285714285714
3,13,0,0.0
3,13,1,0.0
3,13,2,0.6428571428571428
5,13,0,0.0
5,13,1,0.0
5,13,2,0.8214285714285714
6,13,0,0.0
6,13,1,0.0
6,13,2,0.7142857142857143
5,15,0,0.0
5,15,1,0.0
5,15,2,0.7142857142857143
7,15,0,0.0
7,15,1,0.0
7,15,2,0.6071428571428572
9,17,0,0.0
9,17,1,0.0
9,17,2,0.8214285714285714
18,21,0,0.4642857142857143
18,21,1,0.4642857142857143
18,21,2,0.8214285714285714
34,19,0,0.8214285714285714
34,19,1,0.8214285714285714
34,19,2,0.8214285714285714
1,11,0,0.0
1,11,1,0.1428571428571429
1,11,2,0.8214285714285714
35,15,0,0.25
35,15,1,0.3571428571428571
35,15,2,0.8214285714285714
5,17,0,0.0
5,17,1,0.0
5,17,2,0.5357142857142857
34,18,0,0.6071428571428572
34,18,1,0.6071428571428572
34,18,2,0.8214285714285714
20,22,0,0.7142857142857143
20,22,1,0.7142857142857143
20,22,2,0.8214285714285714
3,3,0,0.0
3,3,1,0.0
3,3,2,0.7142857142857143
10,17,0,0.0
10,17,1,0.0
10,17,2,0.8214285714285714
6,18,0,0.0
6,18,1,0.0
6,18,2,0.8214285714285714
4,15,0,0.0
4,15,1,0.0
4,15,2,0.8214285714285714
16,22,0,0.6785714285714286
16,22,1,0.6785714285714286
16,22,2,0.8214285714285714
9,18,0,0.0
9,18,1,0.0
9,18,2,0.3571428571428571
37,15,0,0.4642857142857143
37,15,1,0.5
37,15,2,0.8214285714285714
19,23,0,0.7142857142857143
19,23,1,0.7142857142857143
19,23,2,0.75
11,18,0,0.0
11,18,1,0.0
11,18,2,0.8214285714285714
17,22,0,0.6071428571428572
17,22,1,0.6071428571428572
17,22,2,0.8214285714285714
27,19,0,0.6071428571428572
27,19,1,0.6071428571428572
27,19,2,0.8214285714285714
2,14,0,0.0
2,14,1,0.0
2,14,2,0.7142857142857143
17,21,0,0.4285714285714286
17,21,1,0.4285714285714286
17,21,2,0.4642857142857143
2,13,0,0.0
2,13,1,0.0
2,13,2,0.6428571428571428
2,3,0,0.0
2,3,1,0.0
2,3,2,0.7142857142857143
28,18,0,0.1785714285714286
28,18,1,0.4285714285714286
28,18,2,0.8214285714285714
23,21,0,0.7142857142857143
23,21,1,0.7142857142857143
23,21,2,0.7142857142857143
20,23,0,0.7142857142857143
20,23,1,0.7142857142857143
20,23,2,0.75
33,14,0,0.0
33,14,1,0.0
33,14,2,0.8214285714285714
15,20,0,0.3928571428571429
15,20,1,0.3928571428571429
15,20,2,0.5
13,21,0,0.5
13,21,1,0.7142857142857143
13,21,2,0.7142857142857143
18,23,0,0.7142857142857143
18,23,1,0.7142857142857143
18,23,2,0.8214285714285714
8,18,0,0.0
8,18,1,0.0
8,18,2,0.5
7,18,0,0.0
7,18,1,0.0
7,18,2,0.5
21,22,0,0.7142857142857143
21,22,1,0.7142857142857143
21,22,2,0.7142857142857143
3,15,0,0.0
3,15,1,0.0
3,15,2,0.7142857142857143
3,2,0,0.0
3,2,1,0.0
3,2,2,0.5714285714285714
6,17,0,0.0
6,17,1,0.0
6,17,2,0.8214285714285714
25,20,0,0.5
25,20,1,0.6071428571428572
25,20,2,0.6428571428571428
18,24,0,0.7142857142857143
18,24,1,0.7142857142857143
18,24,2,0.8214285714285714
8,17,0,0.0
8,17,1,0.0
8,17,2,0.8214285714285714
4,17,0,0.0
4,17,1,0.0
4,17,2,0.7142857142857143
1,14,0,0.0
1,14,1,0.0
1,14,2,0.7142857142857143
34,17,0,0.6071428571428572
34,17,1,0.6071428571428572
34,17,2,0.8214285714285714
13,20,0,0.4642857142857143
13,20,1,0.4642857142857143
13,20,2,0.7142857142857143
12,20,0,0.3928571428571429
12,20,1,0.3928571428571429
12,20,2,0.7142857142857143
38,14,0,0.3571428571428571
38,14,1,0.3928571428571429
38,14,2,0.8214285714285714
36,17,0,0.7142857142857143
36,17,1,0.7142857142857143
36,17,2,0.7142857142857143
39,14,0,0.3928571428571429
39,14,1,0.3928571428571429
39,14,2,0.6428571428571428
24,21,0,0.7142857142857143
24,21,1,0.7142857142857143
24,21,2,0.8214285714285714
15,22,0,0.6071428571428572
15,22,1,0.6071428571428572
15,22,2,0.8214285714285714
1,13,0,0.0
1,13,1,0.0
1,13,2,0.7142857142857143
29,19,0,0.7142857142857143
29,19,1,0.7142857142857143
29,19,2,0.75
37,13,0,0.1428571428571429
37,13,1,0.1428571428571429
37,13,2,0.6071428571428572
6,19,0,0.1785714285714286
6,19,1,0.1785714285714286
6,19,2,0.8214285714285714
5,18,0,0.0
5,18,1,0.0
5,18,2,0.6785714285714286
33,17,0,0.5
33,17,1,0.6071428571428572
33,17,2,0.7142857142857143
2,15,0,0.0
2,15,1,0.0
2,15,2,0.7142857142857143
26,20,0,0.7142857142857143
26,20,1,0.7142857142857143
26,20,2,0.8214285714285714
40,14,0,0.5
40,14,1,0.5
40,14,2,0.7142857142857143
32,18,0,0.5714285714285714
32,18,1,0.5714285714285714
32,18,2,0.8214285714285714
12,19,0,0.2857142857142857
12,19,1,0.2857142857142857
12,19,2,0.6428571428571428
29,18,0,0.5
29,18,1,0.5
29,18,2,0.8214285714285714
21,21,0,0.5
21,21,1,0.5
21,21,2,0.8214285714285714
25,21,0,0.8214285714285714
25,21,1,0.8214285714285714
25,21,2,0.8214285714285714
10,19,0,0.0714285714285714
10,19,1,0.0714285714285714
10,19,2,0.1785714285714286
3,17,0,0.0
3,17,1,0.0
3,17,2,0.6785714285714286
1,7,0,0.0
1,7,1,0.0
1,7,2,0.7142857142857143
4,0,0,0.0
4,0,1,0.1071428571428571
4,0,2,0.7142857142857143
0,14,0,0.7142857142857143
0,14,1,0.7142857142857143
0,14,2,0.7142857142857143
31,19,0,0.7142857142857143
31,19,1,0.7142857142857143
31,19,2,0.8214285714285714
31,18,0,0.5357142857142857
31,18,1,0.5357142857142857
31,18,2,0.8214285714285714
4,1,0,0.0
4,1,1,0.0
4,1,2,0.7142857142857143
3,1,0,0.0
3,1,1,0.0
3,1,2,0.7142857142857143
7,19,0,0.4642857142857143
7,19,1,0.4642857142857143
7,19,2,0.7142857142857143
28,19,0,0.7142857142857143
28,19,1,0.7142857142857143
28,19,2,0.8214285714285714
8,19,0,0.1785714285714286
8,19,1,0.1785714285714286
8,19,2,0.8214285714285714
1,8,0,0.0
1,8,1,0.1428571428571429
1,8,2,0.7142857142857143
0,12,0,0.7142857142857143
0,12,1,0.7142857142857143
0,12,2,0.8214285714285714
27,20,0,0.7142857142857143
27,20,1,0.7142857142857143
27,20,2,0.8214285714285714
16,23,0,0.7142857142857143
16,23,1,0.7142857142857143
16,23,2,0.75
0,15,0,0.8214285714285714
0,15,1,0.8214285714285714
0,15,2,0.8214285714285714
30,18,0,0.5357142857142857
30,18,1,0.5714285714285714
30,18,2,0.8214285714285714
1,6,0,0.3214285714285714
1,6,1,0.3928571428571429
1,6,2,0.6428571428571428
9,19,0,0.4285714285714286
9,19,1,0.4285714285714286
9,19,2,0.7142857142857143
3,18,0,0.0
3,18,1,0.0
3,18,2,0.6785714285714286
14,22,0,0.7142857142857143
14,22,1,0.7142857142857143
14,22,2,0.7142857142857143
3,0,0,0.4285714285714286
3,0,1,0.6071428571428572
3,0,2,0.6071428571428572
1,4,0,0.4285714285714286
1,4,1,0.6428571428571428
1,4,2,0.8214285714285714
2,1,0,0.0714285714285714
2,1,1,0.1785714285714286
2,1,2,0.7142857142857143
30,19,0,0.7142857142857143
30,19,1,0.7142857142857143
30,19,2,0.8214285714285714
4,18,0,0.0
4,18,1,0.0
4,18,2,0.8214285714285714
0,13,0,0.6428571428571428
0,13,1,0.7142857142857143
0,13,2,0.8214285714285714
38,15,0,0.4642857142857143
38,15,1,0.4642857142857143
38,15,2,0.4642857142857143
0,17,0,0.8214285714285714
0,17,1,0.8214285714285714
0,17,2,0.8214285714285714
1,5,0,0.0
1,5,1,0.0
1,5,2,0.8214285714285714
5,19,0,0.6785714285714286
5,19,1,0.6785714285714286
5,19,2,0.6785714285714286
26,21,0,0.7142857142857143
26,21,1,0.7142857142857143
26,21,2,0.8214285714285714
1,15,0,0.0
1,15,1,0.0
1,15,2,0.8214285714285714
1,2,0,0.6428571428571428
1,2,1,0.6428571428571428
1,2,2,0.8214285714285714
40,15,0,0.5
40,15,1,0.5
40,15,2,0.5357142857142857
11,20,0,0.5
11,20,1,0.7142857142857143
11,20,2,0.7142857142857143
10,20,0,0.7142857142857143
10,20,1,0.7142857142857143
10,20,2,0.8214285714285714
28,20,0,0.7142857142857143
28,20,1,0.7142857142857143
28,20,2,0.8214285714285714
33,19,0,0.75
33,19,1,0.8214285714285714
33,19,2,0.8214285714285714
32,19,0,0.7142857142857143
32,19,1,0.7142857142857143
32,19,2,0.8214285714285714
39,15,0,0.4642857142857143
39,15,1,0.4642857142857143
39,15,2,0.4642857142857143
2,18,0,0.3571428571428571
2,18,1,0.7142857142857143
2,18,2,0.7142857142857143
0,11,0,0.7142857142857143
0,11,1,0.8214285714285714
0,11,2,0.8214285714285714
14,24,0,0.7142857142857143
14,24,1,0.7142857142857143
14,24,2,0.7142857142857143
7,20,0,0.8214285714285714
7,20,1,0.8214285714285714
7,20,2,0.8214285714285714
28,21,0,0.7142857142857143
28,21,1,0.8214285714285714
28,21,2,0.8214285714285714
1,17,0,0.8214285714285714
1,17,1,0.8214285714285714
1,17,2,0.8214285714285714
35,18,0,0.8214285714285714
35,18,1,0.8214285714285714
35,18,2,0.8214285714285714
13,23,0,0.7142857142857143
13,23,1,0.7142857142857143
13,23,2,0.7142857142857143
9,20,0,0.7142857142857143
9,20,1,0.7142857142857143
9,20,2,0.8214285714285714
12,22,0,0.7142857142857143
12,22,1,0.7142857142857143
12,22,2,0.7142857142857143
36,18,0,0.8214285714285714
36,18,1,0.8214285714285714
36,18,2,0.8214285714285714
35,17,0,0.75
35,17,1,0.75
35,17,2,0.8214285714285714
11,22,0,0.7142857142857143
11,22,1,0.7142857142857143
11,22,2,0.7142857142857143
30,20,0,0.7142857142857143
30,20,1,0.7142857142857143
30,20,2,0.7142857142857143
27,21,0,0.7142857142857143
27,21,1,0.7142857142857143
27,21,2,0.8214285714285714
10,21,0,0.7142857142857143
10,21,1,0.7142857142857143
10,21,2,0.7142857142857143
11,21,0,0.7142857142857143
11,21,1,0.7142857142857143
11,21,2,0.7142857142857143
33,18,0,0.6071428571428572
33,18,1,0.6071428571428572
33,18,2,0.8214285714285714
9,21,0,0.7142857142857143
9,21,1,0.7142857142857143
9,21,2,0.7142857142857143
24,23,0,0.7142857142857143
24,23,1,0.7142857142857143
24,23,2,0.7142857142857143
8,20,0,0.7142857142857143
8,20,1,0.7142857142857143
8,20,2,0.7142857142857143
12,21,0,0.7142857142857143
12,21,1,0.7142857142857143
12,21,2,0.7142857142857143
21,23,0,0.7142857142857143
21,23,1,0.7142857142857143
21,23,2,0.7142857142857143
22,22,0,0.7142857142857143
22,22,1,0.7142857142857143
22,22,2,0.7142857142857143
23,22,0,0.7142857142857143
23,22,1,0.7142857142857143
23,22,2,0.7142857142857143
16,26,0,0.7142857142857143
16,26,1,0.7142857142857143
16,26,2,0.7142857142857143
22,23,0,0.7142857142857143
22,23,1,0.7142857142857143
22,23,2,0.7142857142857143
39,17,0,0.7857142857142857
4,19,0,0.8214285714285714
4,19,1,0.8214285714285714
4,19,2,0.8214285714285714
25,22,0,0.7142857142857143
25,22,1,0.7142857142857143
25,22,2,0.7142857142857143
13,22,0,0.7142857142857143
13,22,1,0.7142857142857143
13,22,2,0.7142857142857143
1,3,0,0.7142857142857143
1,3,1,0.7142857142857143
1,3,2,0.7142857142857143
29,20,0,0.7142857142857143
29,20,1,0.8214285714285714
29,20,2,0.8214285714285714
15,23,0,0.7142857142857143
15,23,1,0.7142857142857143
15,23,2,0.7142857142857143
32,20,0,0.7142857142857143
32,20,1,0.8214285714285714
32,20,2,0.8214285714285714
25,23,0,0.7142857142857143
25,23,1,0.7142857142857143
25,23,2,0.7142857142857143
2,0,0,0.4285714285714286
2,0,1,0.4285714285714286
2,0,2,0.7142857142857143
31,20,0,0.8214285714285714
31,20,1,0.8214285714285714
40,17,0,0.5357142857142857
40,17,1,0.5357142857142857
40,17,2,0.5357142857142857
37,17,0,0.4642857142857143
37,17,1,0.4642857142857143
37,17,2,0.4642857142857143
24,22,0,0.7142857142857143
24,22,1,0.7142857142857143
24,22,2,0.7142857142857143
26,22,0,0.7142857142857143
26,22,1,0.7142857142857143
26,22,2,0.7142857142857143
35,19,0,0.8214285714285714
37,18,0,0.8214285714285714
37,18,1,0.8214285714285714
37,18,2,0.8214285714285714
15,24,0,0.7142857142857143
15,24,1,0.7142857142857143
15,24,2,0.7142857142857143
0,10,0,0.8214285714285714
17,25,0,0.7142857142857143
1,1,0,0.7142857142857143
